Date,BTC-USD,GLD,SPY,TLT
2022-01-01,47686.8125,,,
2022-01-02,47345.21875,,,
2022-01-03,46458.1171875,168.3300018310547,454.4669189453125,127.61246490478516
2022-01-04,45897.57421875,169.57000732421875,454.3147277832031,127.08184051513672
2022-01-05,43569.00390625,169.05999755859375,445.59088134765625,126.39207458496094
2022-01-06,43160.9296875,166.99000549316406,445.1722412109375,126.71931457519531
2022-01-07,41557.90234375,167.75,443.4123229980469,125.8083724975586
2022-01-08,41733.94140625,,,
2022-01-09,41911.6015625,,,
2022-01-10,41821.26171875,168.25999450683594,442.8604736328125,126.11791229248047
2022-01-11,42735.85546875,170.2899932861328,446.89422607421875,126.95806121826172
2022-01-12,43949.1015625,170.74000549316406,448.10235595703125,126.47172546386719
2022-01-13,42591.5703125,170.16000366210938,441.9281921386719,127.59480285644531
2022-01-14,43099.69921875,169.6699981689453,442.1089172363281,125.6668701171875
2022-01-15,43177.3984375,,,
2022-01-16,43113.87890625,,,
2022-01-17,42250.55078125,,,
2022-01-18,42375.6328125,169.38999938964844,434.2793273925781,123.89823913574219
2022-01-19,41744.328125,172.0800018310547,429.76995849609375,124.75599670410156
2022-01-20,40680.41796875,171.64999389648438,425.0133056640625,125.52540588378906
2022-01-21,36457.31640625,171.08999633789062,416.66998291015625,127.01997375488281
2022-01-22,35030.25,,,
2022-01-23,36276.8046875,,,
2022-01-24,36654.328125,172.02999877929688,418.439453125,125.9764633178711
2022-01-25,36954.00390625,172.5800018310547,413.3307189941406,125.77299499511719
2022-01-26,36852.12109375,169.7899932861328,412.2938232421875,124.251953125
2022-01-27,37138.234375,167.60000610351562,410.2579650878906,126.5335922241211
2022-01-28,37784.33203125,167.10000610351562,420.4467468261719,126.57781982421875
2022-01-29,38138.1796875,,,
2022-01-30,37917.6015625,,,
2022-01-31,38483.125,168.08999633789062,428.0195007324219,125.92337799072266
2022-02-01,38743.2734375,168.22999572753906,430.91162109375,125.50537872314453
2022-02-02,36952.984375,168.83999633789062,435.0975036621094,125.93045806884766
2022-02-03,37154.6015625,168.60000610351562,424.8705749511719,124.94749450683594
2022-02-04,41500.875,168.86000061035156,426.868408203125,123.1054458618164
2022-02-05,41441.1640625,,,
2022-02-06,42412.43359375,,,
2022-02-07,43840.28515625,170.11000061035156,425.4984436035156,123.18514251708984
2022-02-08,44118.4453125,170.6300048828125,428.99945068359375,122.36151885986328
2022-02-09,44338.796875,171.2100067138672,435.27825927734375,122.59182739257812
2022-02-10,43565.11328125,170.55999755859375,427.458251953125,120.64347076416016
2022-02-11,42407.9375,173.80999755859375,419.029296875,122.43236541748047
2022-02-12,42244.46875,,,
2022-02-13,42197.515625,,,
2022-02-14,42586.91796875,174.74000549316406,417.6593322753906,120.90918731689453
2022-02-15,44575.203125,173.0800018310547,424.3948669433594,119.53650665283203
2022-02-16,43961.859375,174.86000061035156,424.8705749511719,120.24498748779297
2022-02-17,40538.01171875,177.25,415.7947692871094,121.13945007324219
2022-02-18,40030.9765625,177.1199951171875,413.1023864746094,122.4146728515625
2022-02-19,40122.15625,,,
2022-02-20,38431.37890625,,,
2022-02-21,37075.28125,,,
2022-02-22,38286.02734375,177.49000549316406,408.6691589355469,122.73348236083984
2022-02-23,37296.5703125,178.2899932861328,401.419921875,121.0420150756836
2022-02-24,38332.609375,177.13999938964844,407.46099853515625,121.12169647216797
2022-02-25,39214.21875,176.5500030517578,416.451171875,121.21025848388672
2022-02-26,39105.1484375,,,
2022-02-27,37709.78515625,,,
2022-02-28,43193.234375,178.3800048828125,415.3856506347656,123.8670425415039
2022-03-01,44354.63671875,181.6199951171875,409.0592041015625,125.2991714477539
2022-03-02,43924.1171875,179.72999572753906,416.5843505859375,121.01611328125
2022-03-03,42451.7890625,180.8000030517578,414.5104064941406,122.24872589111328
2022-03-04,39137.60546875,183.67999267578125,411.14263916015625,124.35920715332031
2022-03-05,39400.5859375,,,
2022-03-06,38419.984375,,,
2022-03-07,38062.0390625,186.41000366210938,399.02252197265625,123.41031646728516
2022-03-08,38737.26953125,191.50999450683594,395.9972839355469,122.1689224243164
2022-03-09,41982.92578125,185.82000732421875,406.6142272949219,120.97174835205078
2022-03-10,39437.4609375,186.39999389648438,404.7781677246094,119.2337875366211
2022-03-11,38794.97265625,185.08999633789062,399.6314697265625,119.6327896118164
2022-03-12,38904.01171875,,,
2022-03-13,37849.6640625,,,
2022-03-14,39666.75390625,182.3000030517578,396.71075439453125,116.8394546508789
2022-03-15,39338.78515625,178.88999938964844,405.4346008300781,116.63551330566406
2022-03-16,41143.9296875,180.00999450683594,414.42474365234375,117.77944946289062
2022-03-17,40951.37890625,180.88999938964844,419.60968017578125,116.90155029296875
2022-03-18,41801.15625,179.3000030517578,424.2055358886719,118.32920837402344
2022-03-19,42190.65234375,,,
2022-03-20,41247.82421875,,,
2022-03-21,41077.99609375,180.6699981689453,424.08148193359375,115.58917236328125
2022-03-22,42358.80859375,179.36000061035156,429.0437927246094,114.10823822021484
2022-03-23,42892.95703125,181.80999755859375,423.5184020996094,116.60894012451172
2022-03-24,43960.93359375,183.1300048828125,429.9026794433594,115.69554901123047
2022-03-25,44348.73046875,182.3800048828125,432.0021667480469,114.09050750732422
2022-03-26,44500.828125,,,
2022-03-27,46820.4921875,,,
2022-03-28,47128.00390625,179.05999755859375,435.074951171875,115.0659408569336
2022-03-29,47465.73046875,179.13999938964844,440.4572448730469,115.93499755859375
2022-03-30,47062.6640625,180.5800018310547,437.737548828125,116.8394546508789
2022-03-31,45538.67578125,180.64999389648438,431.0002136230469,117.12322235107422
2022-04-01,46281.64453125,179.5,432.2216796875,117.56905364990234
2022-04-02,45868.94921875,,,
2022-04-03,46453.56640625,,,
2022-04-04,46622.67578125,180.3699951171875,435.92431640625,116.75202178955078
2022-04-05,45555.9921875,179.24000549316406,430.41802978515625,114.11430358886719
2022-04-06,43206.73828125,179.66000366210938,426.1141357421875,113.1906509399414
2022-04-07,43503.84765625,180.33999633789062,428.2613220214844,112.33805084228516
2022-04-08,42287.6640625,181.47000122070312,427.1161804199219,111.12135314941406
2022-04-09,42782.13671875,,,
2022-04-10,42207.671875,,,
2022-04-11,39521.90234375,182.3699951171875,419.81573486328125,109.36284637451172
2022-04-12,40127.18359375,183.77000427246094,418.2602844238281,109.21186828613281
2022-04-13,41166.73046875,184.64999389648438,423.0508117675781,109.43390655517578
2022-04-14,39935.515625,184.0399932861328,417.7830810546875,107.240234375
2022-04-15,40553.46484375,,,
2022-04-16,40424.484375,,,
2022-04-17,39716.953125,,,
2022-04-18,40826.21484375,184.61000061035156,417.954833984375,106.70738220214844
2022-04-19,41502.75,181.82000732421875,424.7017517089844,105.90805053710938
2022-04-20,41374.37890625,182.7100067138672,424.3868103027344,108.03958129882812
2022-04-21,40527.36328125,182.05999755859375,418.0407409667969,107.240234375
2022-04-22,39740.3203125,180.2899932861328,406.570068359375,106.56527709960938
2022-04-23,39486.73046875,,,
2022-04-24,39469.29296875,,,
2022-04-25,40458.30859375,177.0500030517578,408.9272155761719,107.6310043334961
2022-04-26,38117.4609375,177.32000732421875,397.0843811035156,108.71452331542969
2022-04-27,39241.12109375,175.97999572753906,398.2008361816406,107.3201904296875
2022-04-28,39773.828125,176.92999267578125,408.2591857910156,107.48004150390625
2022-04-29,38609.82421875,176.91000366210938,393.1717529296875,106.08570098876953
2022-04-30,37714.875,,,
2022-05-01,38469.09375,,,
2022-05-02,38529.328125,173.6300048828125,395.5383605957031,104.2468490600586
2022-05-03,37750.453125,174.08999633789062,397.35150146484375,104.94966125488281
2022-05-04,39698.37109375,175.8000030517578,409.4520263671875,105.52790832519531
2022-05-05,36575.140625,175.1300048828125,394.8989562988281,102.63660430908203
2022-05-06,36040.921875,175.4199981689453,392.54180908203125,101.12422180175781
2022-05-07,35501.953125,,,
2022-05-08,34059.265625,,,
2022-05-09,30296.953125,172.8800048828125,379.97369384765625,102.01387786865234
2022-05-10,31022.90625,171.4199981689453,380.85162353515625,102.93909454345703
2022-05-11,28936.35546875,172.82000732421875,374.80145263671875,104.92294311523438
2022-05-12,29047.751953125,170.1699981689453,374.41015625,104.72722625732422
2022-05-13,29283.103515625,168.7899932861328,383.3614807128906,103.17928314208984
2022-05-14,30101.265625,,,
2022-05-15,31305.11328125,,,
2022-05-16,29862.91796875,170.39999389648438,381.8059387207031,103.07255554199219
2022-05-17,30425.857421875,169.3300018310547,389.65985107421875,101.82705688476562
2022-05-18,28720.271484375,169.4199981689453,373.9521179199219,103.99774169921875
2022-05-19,30314.333984375,171.91000366210938,371.6617431640625,104.2468490600586
2022-05-20,29200.740234375,172.02999877929688,371.823974609375,105.4300308227539
2022-05-21,29432.2265625,,,
2022-05-22,30323.72265625,,,
2022-05-23,29098.91015625,172.8300018310547,378.78082275390625,103.69527435302734
2022-05-24,29655.5859375,174.1300048828125,375.8893127441406,105.7414321899414
2022-05-25,29562.361328125,173.0800018310547,379.2102966308594,106.15953826904297
2022-05-26,29267.224609375,172.75999450683594,386.78741455078125,105.67912292480469
2022-05-27,28627.57421875,172.85000610351562,396.2826843261719,105.93714141845703
2022-05-28,28814.900390625,,,
2022-05-29,29445.95703125,,,
2022-05-30,31726.390625,,,
2022-05-31,31792.310546875,171.13999938964844,394.05914306640625,103.69527435302734
2022-06-01,29799.080078125,172.22999572753906,390.8717956542969,103.57672882080078
2022-06-02,30467.48828125,174.35000610351562,398.3154296875,103.63020324707031
2022-06-03,29704.390625,172.5800018310547,391.77838134765625,103.40741729736328
2022-06-04,29832.9140625,,,
2022-06-05,29906.662109375,,,
2022-06-06,31370.671875,171.82000732421875,392.9712829589844,101.50020599365234
2022-06-07,31155.478515625,172.94000244140625,396.74078369140625,102.59642028808594
2022-06-08,30214.35546875,172.77999877929688,392.4272766113281,101.6873779296875
2022-06-09,30111.998046875,172.22999572753906,383.09429931640625,102.02599334716797
2022-06-10,29083.8046875,174.5399932861328,371.9862365722656,101.39326477050781
2022-06-11,28360.810546875,,,
2022-06-12,26762.6484375,,,
2022-06-13,22487.388671875,169.92999267578125,357.8625793457031,98.21162414550781
2022-06-14,22206.79296875,168.57000732421875,356.7842102050781,96.97283172607422
2022-06-15,22572.83984375,170.77000427246094,361.8706970214844,98.78202056884766
2022-06-16,20381.650390625,172.69000244140625,349.8941345214844,99.5662841796875
2022-06-17,20471.482421875,171.27000427246094,350.6484069824219,99.8871078491211
2022-06-18,19017.642578125,,,
2022-06-19,20553.271484375,,,
2022-06-20,20599.537109375,,,
2022-06-21,20710.59765625,170.6300048828125,359.47552490234375,98.19381713867188
2022-06-22,19987.029296875,171.30999755859375,358.8238220214844,100.8941650390625
2022-06-23,21085.876953125,170.25999450683594,362.3412170410156,101.7230224609375
2022-06-24,21231.65625,170.08999633789062,373.8614196777344,100.31488037109375
2022-06-25,21502.337890625,,,
2022-06-26,21027.294921875,,,
2022-06-27,20735.478515625,169.89999389648438,372.4333801269531,99.45932006835938
2022-06-28,20280.634765625,169.6199951171875,364.82354736328125,99.92276000976562
2022-06-29,20104.0234375,169.49000549316406,364.5263977050781,101.48237609863281
2022-06-30,19784.7265625,168.4600067138672,361.56494140625,102.37361145019531
2022-07-01,19269.3671875,168.32000732421875,365.38897705078125,103.42464447021484
2022-07-02,19242.255859375,,,
2022-07-03,19297.076171875,,,
2022-07-04,20231.26171875,,,
2022-07-05,20190.115234375,164.75,366.0790100097656,104.23724365234375
2022-07-06,20548.24609375,162.13999938964844,367.3154296875,102.48699188232422
2022-07-07,21637.587890625,162.22999572753906,372.8167724609375,101.5851058959961
2022-07-08,21731.1171875,162.3000030517578,372.5101013183594,100.45995330810547
2022-07-09,21592.20703125,,,
2022-07-10,20860.44921875,,,
2022-07-11,19970.556640625,161.42999267578125,368.25469970703125,102.19231414794922
2022-07-12,19323.9140625,160.8300018310547,364.99603271484375,102.79955291748047
2022-07-13,20212.07421875,161.60000610351562,363.0791931152344,103.97827911376953
2022-07-14,20569.919921875,159.3300018310547,362.1974792480469,103.12992858886719
2022-07-15,20836.328125,159.00999450683594,369.11724853515625,103.71041870117188
2022-07-16,21190.31640625,,,
2022-07-17,20779.34375,,,
2022-07-18,22485.689453125,159.16000366210938,366.0694885253906,102.62986755371094
2022-07-19,23389.43359375,159.5399932861328,375.9604187011719,102.07620239257812
2022-07-20,23231.732421875,158.0399932861328,378.3564453125,102.34413146972656
2022-07-21,23164.62890625,160.27000427246094,382.2093200683594,104.11222839355469
2022-07-22,22714.978515625,160.6699981689453,378.6631774902344,105.86245727539062
2022-07-23,22465.478515625,,,
2022-07-24,22609.1640625,,,
2022-07-25,21361.701171875,160.22999572753906,379.1231689453125,104.82659149169922
2022-07-26,21239.75390625,160.0399932861328,374.6377868652344,104.90697479248047
2022-07-27,22930.548828125,161.6699981689453,384.36578369140625,104.31761169433594
2022-07-28,23843.88671875,163.63999938964844,389.1866149902344,105.14808654785156
2022-07-29,23804.6328125,164.10000610351562,394.8605041503906,104.8623046875
2022-07-30,23656.20703125,,,
2022-07-31,23336.896484375,,,
2022-08-01,23314.19921875,165.02999877929688,393.69122314453125,107.38777160644531
2022-08-02,22978.1171875,164.0500030517578,391.0939025878906,105.11548614501953
2022-08-03,22846.5078125,164.4499969482422,397.21826171875,106.7705078125
2022-08-04,22630.95703125,167.1699981689453,396.9498596191406,106.73471069335938
2022-08-05,23289.314453125,165.2899932861328,396.2789001464844,104.19406127929688
2022-08-06,22961.279296875,,,
2022-08-07,23175.890625,,,
2022-08-08,23809.486328125,166.69000244140625,395.8188781738281,105.87590026855469
2022-08-09,23164.318359375,167.1999969482422,394.2470703125,105.46439361572266
2022-08-10,23947.642578125,166.77999877929688,402.5278625488281,104.77554321289062
2022-08-11,23957.529296875,166.33999633789062,402.5278625488281,102.33329010009766
2022-08-12,24402.818359375,167.8699951171875,409.34228515625,103.37103271484375
2022-08-13,24424.068359375,,,
2022-08-14,24319.333984375,,,
2022-08-15,24136.97265625,165.7100067138672,411.0290832519531,103.28156280517578
2022-08-16,23883.291015625,165.4199981689453,411.83416748046875,103.71099090576172
2022-08-17,23335.998046875,164.35000610351562,408.9109191894531,102.6285171508789
2022-08-18,23212.73828125,163.9199981689453,410.099365234375,102.78059387207031
2022-08-19,20877.552734375,162.72000122070312,404.5884704589844,101.12557983398438
2022-08-20,21166.060546875,,,
2022-08-21,21534.12109375,,,
2022-08-22,21398.908203125,161.63999938964844,396.1639709472656,100.78563690185547
2022-08-23,21528.087890625,162.77000427246094,395.20556640625,100.23098754882812
2022-08-24,21395.01953125,163.25,396.470703125,99.49740600585938
2022-08-25,21600.904296875,163.75,402.06787109375,100.8840560913086
2022-08-26,20260.01953125,161.75999450683594,388.4582214355469,101.64443969726562
2022-08-27,20041.73828125,,,
2022-08-28,19616.814453125,,,
2022-08-29,20297.994140625,161.86000061035156,385.8896484375,100.80352783203125
2022-08-30,19796.80859375,160.50999450683594,381.6534118652344,101.05401611328125
2022-08-31,20049.763671875,159.27000427246094,378.7494201660156,100.08782196044922
2022-09-01,20127.140625,157.8699951171875,379.9378967285156,98.25542449951172
2022-09-02,19969.771484375,159.25999450683594,375.9316711425781,98.81124877929688
2022-09-03,19832.087890625,,,
2022-09-04,19986.712890625,,,
2022-09-05,19812.37109375,,,
2022-09-06,18837.66796875,158.3300018310547,374.51318359375,96.36381530761719
2022-09-07,19290.32421875,159.94000244140625,381.2413024902344,97.88782501220703
2022-09-08,19329.833984375,158.97999572753906,383.7332458496094,96.88378143310547
2022-09-09,21381.15234375,159.82000732421875,389.6946105957031,97.09893035888672
2022-09-10,21680.5390625,,,
2022-09-11,21769.255859375,,,
2022-09-12,22370.44921875,160.6300048828125,393.88287353515625,96.30106353759766
2022-09-13,20296.70703125,158.5399932861328,376.7558898925781,96.52519226074219
2022-09-14,20241.08984375,157.92999267578125,378.1935729980469,96.85689544677734
2022-09-15,19701.2109375,154.97999572753906,373.8998107910156,96.79411315917969
2022-09-16,19772.583984375,155.83999633789062,371.0473327636719,95.98727416992188
2022-09-17,20127.576171875,,,
2022-09-18,19419.505859375,,,
2022-09-19,19544.12890625,155.9600067138672,373.9247741699219,96.21143341064453
2022-09-20,18890.7890625,155.07000732421875,369.6326904296875,95.2521743774414
2022-09-21,18547.400390625,155.7899932861328,363.18487548828125,96.84791564941406
2022-09-22,19413.55078125,155.6999969482422,360.1341552734375,94.37361145019531
2022-09-23,19297.638671875,153.00999450683594,354.1002197265625,94.75910186767578
2022-09-24,18937.01171875,,,
2022-09-25,18802.09765625,,,
2022-09-26,19222.671875,151.22999572753906,350.5971984863281,92.94818115234375
2022-09-27,19110.546875,151.5399932861328,349.70220947265625,90.5007553100586
2022-09-28,19426.720703125,154.69000244140625,356.5830383300781,93.53089904785156
2022-09-29,19573.05078125,154.66000366210938,349.1343994140625,93.04679870605469
2022-09-30,19431.7890625,154.6699981689453,343.7356262207031,91.84551239013672
2022-10-01,19312.095703125,,,
2022-10-02,19044.107421875,,,
2022-10-03,19623.580078125,158.42999267578125,352.8106384277344,93.30488586425781
2022-10-04,20336.84375,160.6999969482422,363.7430419921875,93.0442886352539
2022-10-05,20160.716796875,159.80999755859375,362.8962097167969,92.1546401977539
2022-10-06,19955.443359375,159.6300048828125,359.152587890625,91.64241027832031
2022-10-07,19546.849609375,157.8800048828125,349.1343994140625,90.7527847290039
2022-10-08,19416.568359375,,,
2022-10-09,19446.42578125,,,
2022-10-10,19141.484375,155.47999572753906,346.46868896484375,89.34191131591797
2022-10-11,19051.41796875,155.16000366210938,344.2745056152344,89.7373275756836
2022-10-12,19157.4453125,155.99000549316406,343.1388854980469,90.17762756347656
2022-10-13,19382.904296875,154.91000366210938,352.1947326660156,89.31497192382812
2022-10-14,19185.65625,152.97999572753906,344.1686706542969,88.57808685302734
2022-10-15,19067.634765625,,,
2022-10-16,19268.09375,,,
2022-10-17,19550.7578125,153.4199981689453,353.0126953125,88.14671325683594
2022-10-18,19334.416015625,153.75,357.1605224609375,88.35343170166016
2022-10-19,19139.53515625,151.69000244140625,354.6295166015625,86.74488067626953
2022-10-20,19053.740234375,151.4499969482422,351.65576171875,85.26211547851562
2022-10-21,19172.46875,154.14999389648438,360.2015380859375,83.72547149658203
2022-10-22,19208.189453125,,,
2022-10-23,19567.0078125,,,
2022-10-24,19345.572265625,153.64999389648438,364.6091613769531,83.03353881835938
2022-10-25,20095.857421875,154.0,370.43145751953125,85.45082092285156
2022-10-26,20770.44140625,154.97999572753906,367.6405334472656,86.68197631835938
2022-10-27,20285.8359375,154.74000549316406,365.6773986816406,87.5895767211914
2022-10-28,20595.3515625,153.16000366210938,374.3771057128906,86.98750305175781
2022-10-29,20818.4765625,,,
2022-10-30,20635.603515625,,,
2022-10-31,20495.7734375,151.91000366210938,371.6728210449219,86.3674545288086
2022-11-01,20485.2734375,153.4600067138672,370.0464782714844,87.17459869384766
2022-11-02,20159.50390625,152.38999938964844,360.7597351074219,86.79624938964844
2022-11-03,20209.98828125,151.80999755859375,357.04498291015625,86.32781219482422
2022-11-04,21147.23046875,156.47000122070312,362.1839904785156,84.8774642944336
2022-11-05,21282.69140625,,,
2022-11-06,20926.486328125,,,
2022-11-07,20602.81640625,155.85000610351562,365.64849853515625,84.03064727783203
2022-11-08,18541.271484375,159.4499969482422,367.621337890625,84.94952392578125
2022-11-09,15880.7802734375,158.64999389648438,360.0475158691406,85.22879028320312
2022-11-10,17586.771484375,163.47999572753906,379.833740234375,88.50785064697266
2022-11-11,17034.29296875,164.55999755859375,383.5098876953125,88.18354797363281
2022-11-12,16799.185546875,,,
2022-11-13,16353.365234375,,,
2022-11-14,16618.19921875,164.9199981689453,380.2475280761719,87.96732330322266
2022-11-15,16884.61328125,165.5,383.4906005859375,89.39067077636719
2022-11-16,16669.439453125,165.1199951171875,380.5650329589844,91.34552764892578
2022-11-17,16687.517578125,163.9199981689453,379.4006042480469,90.38159942626953
2022-11-18,16697.77734375,162.7899932861328,381.1232604980469,89.76002502441406
2022-11-19,16711.546875,,,
2022-11-20,16291.83203125,,,
2022-11-21,15787.2841796875,161.8800048828125,379.73748779296875,90.13836669921875
2022-11-22,16189.76953125,162.07000732421875,384.84759521484375,91.41758728027344
2022-11-23,16610.70703125,163.0800018310547,387.2727355957031,93.01207733154297
2022-11-24,16604.46484375,,,
2022-11-25,16521.841796875,163.22000122070312,387.1861267089844,92.69677734375
2022-11-26,16464.28125,,,
2022-11-27,16444.626953125,,,
2022-11-28,16217.322265625,161.92999267578125,381.00775146484375,92.9580078125
2022-11-29,16444.982421875,162.72999572753906,380.3533935546875,91.86797332763672
2022-11-30,17168.56640625,164.80999755859375,392.3347473144531,92.54363250732422
2022-12-01,16967.1328125,167.83999633789062,392.0460205078125,95.50000762939453
2022-12-02,17088.66015625,167.25999450683594,391.5937194824219,96.70098876953125
2022-12-03,16908.236328125,,,
2022-12-04,17130.486328125,,,
2022-12-05,16974.826171875,164.38999938964844,384.5492248535156,95.34649658203125
2022-12-06,17089.50390625,164.83999633789062,379.00604248046875,96.57457733154297
2022-12-07,16848.126953125,166.3300018310547,378.3612365722656,98.85009765625
2022-12-08,17233.474609375,166.47000122070312,381.32537841796875,98.5792007446289
2022-12-09,17133.15234375,167.05999755859375,378.476806640625,96.01470184326172
2022-12-10,17128.724609375,,,
2022-12-11,17104.193359375,,,
2022-12-12,17206.4375,165.67999267578125,383.933349609375,96.32173919677734
2022-12-13,17781.318359375,168.50999450683594,386.8396301269531,97.25180053710938
2022-12-14,17815.650390625,168.10000610351562,384.3664245605469,97.66719055175781
2022-12-15,17364.865234375,165.35000610351562,374.9641418457031,98.04828643798828
2022-12-16,16647.484375,166.7899932861328,370.53729248046875,96.95301818847656
2022-12-17,16795.091796875,,,
2022-12-18,16757.9765625,,,
2022-12-19,16439.6796875,166.32000732421875,367.395263671875,95.32369995117188
2022-12-20,16906.3046875,169.0800018310547,367.8980407714844,93.63103485107422
2022-12-21,16817.53515625,168.8000030517578,373.3989562988281,93.8663558959961
2022-12-22,16830.341796875,166.75999450683594,368.0719909667969,93.8482437133789
2022-12-23,16796.953125,167.25999450683594,370.18927001953125,92.47237396240234
2022-12-24,16847.755859375,,,
2022-12-25,16841.986328125,,,
2022-12-26,16919.8046875,,,
2022-12-27,16717.173828125,168.6699981689453,368.7293701171875,90.64393615722656
2022-12-28,16552.572265625,167.91000366210938,364.1468811035156,90.10990905761719
2022-12-29,16642.341796875,168.85000610351562,370.7016296386719,91.13273620605469
2022-12-30,16602.5859375,169.63999938964844,369.72515869140625,90.11894989013672
2022-12-31,16547.49609375,,,
2023-01-01,16625.080078125,,,
2023-01-02,16688.470703125,,,
2023-01-03,16679.857421875,171.05999755859375,368.1686706542969,91.83878326416016
2023-01-04,16863.23828125,172.6699981689453,371.0110168457031,93.09696960449219
2023-01-05,16836.736328125,170.52000427246094,366.7764892578125,93.48621368408203
2023-01-06,16951.96875,173.7100067138672,375.18743896484375,95.20602416992188
2023-01-07,16955.078125,,,
2023-01-08,17091.14453125,,,
2023-01-09,17196.5546875,174.10000610351562,374.9747314453125,95.71290588378906
2023-01-10,17446.29296875,174.74000549316406,377.6044006347656,94.12887573242188
2023-01-11,17934.896484375,174.6199951171875,382.3802490234375,95.65860748291016
2023-01-12,18869.587890625,176.63999938964844,383.7724609375,97.54136657714844
2023-01-13,19909.57421875,178.75999450683594,385.2612609863281,96.62715911865234
2023-01-14,20976.298828125,,,
2023-01-15,20880.798828125,,,
2023-01-16,21169.6328125,,,
2023-01-17,21161.51953125,177.58999633789062,384.5555725097656,96.0025634765625
2023-01-18,20688.78125,177.0800018310547,378.4841613769531,98.32887268066406
2023-01-19,21086.79296875,179.88999938964844,375.7288818359375,97.71334838867188
2023-01-20,22676.552734375,179.2899932861328,382.7283630371094,96.12931060791016
2023-01-21,22777.625,,,
2023-01-22,22720.416015625,,,
2023-01-23,22934.431640625,179.6300048828125,387.3205261230469,95.67670440673828
2023-01-24,22636.46875,180.27999877929688,386.90478515625,97.05256652832031
2023-01-25,23117.859375,181.11000061035156,387.04986572265625,97.28792572021484
2023-01-26,23032.77734375,179.47000122070312,391.3037109375,96.8353500366211
2023-01-27,23078.728515625,179.22000122070312,392.2027587890625,96.59092712402344
2023-01-28,23031.08984375,,,
2023-01-29,23774.56640625,,,
2023-01-30,22840.138671875,178.75999450683594,387.2818603515625,96.23790740966797
2023-01-31,23139.283203125,179.41000366210938,392.9761962890625,97.00730895996094
2023-02-01,23723.76953125,181.6699981689453,397.15264892578125,98.17344665527344
2023-02-02,23471.87109375,177.89999389648438,402.93402099609375,98.30050659179688
2023-02-03,23449.322265625,173.4600067138672,398.6512145996094,96.83033752441406
2023-02-04,23331.84765625,,,
2023-02-05,22955.666015625,,,
2023-02-06,22760.109375,173.82000732421875,396.2149353027344,96.11341857910156
2023-02-07,23264.291015625,173.97999572753906,401.39678955078125,95.3420639038086
2023-02-08,22939.3984375,174.41000366210938,397.00762939453125,95.79582214355469
2023-02-09,21819.0390625,173.02999877929688,393.56591796875,94.88831329345703
2023-02-10,21651.18359375,173.36000061035156,394.484375,93.8265380859375
2023-02-11,21870.875,,,
2023-02-12,21788.203125,,,
2023-02-13,21808.1015625,172.47999572753906,399.115234375,94.61605834960938
2023-02-14,22220.8046875,172.61000061035156,398.93157958984375,94.39825439453125
2023-02-15,24307.841796875,170.88999938964844,400.2270202636719,93.51798248291016
2023-02-16,23623.474609375,170.75,394.7164001464844,92.19300842285156
2023-02-17,24565.6015625,171.25999450683594,393.7303161621094,92.90994262695312
2023-02-18,24641.27734375,,,
2023-02-19,24327.642578125,,,
2023-02-20,24829.1484375,,,
2023-02-21,24436.353515625,170.6199951171875,385.8316955566406,91.10401153564453
2023-02-22,24188.84375,169.66000366210938,385.3000183105469,91.9389419555664
2023-02-23,23947.4921875,169.57000732421875,387.34954833984375,92.83735656738281
2023-02-24,23198.126953125,168.35000610351562,383.2117614746094,91.63040924072266
2023-02-25,23175.375,,,
2023-02-26,23561.212890625,,,
2023-02-27,23522.87109375,169.00999450683594,384.5169372558594,91.88446807861328
2023-02-28,23147.353515625,169.77999877929688,383.09576416015625,92.30192565917969
2023-03-01,23646.55078125,170.75999450683594,381.626220703125,91.31031799316406
2023-03-02,23475.466796875,170.66000366210938,384.5942077636719,90.50064086914062
2023-03-03,22362.6796875,172.49000549316406,390.7622985839844,92.693115234375
2023-03-04,22353.349609375,,,
2023-03-05,22435.513671875,,,
2023-03-06,22429.7578125,171.6199951171875,391.03302001953125,91.97442626953125
2023-03-07,22219.76953125,168.6199951171875,385.0389404296875,92.53846740722656
2023-03-08,21718.080078125,168.5399932861328,385.6673583984375,92.62942504882812
2023-03-09,20363.021484375,170.1999969482422,378.5519104003906,92.85686492919922
2023-03-10,20187.244140625,173.8699951171875,373.089599609375,96.05912017822266
2023-03-11,20632.41015625,,,
2023-03-12,22163.94921875,,,
2023-03-13,24197.533203125,177.86000061035156,372.5577697753906,96.2774658203125
2023-03-14,24746.07421875,176.8300018310547,378.7161865234375,94.69451904296875
2023-03-15,24375.9609375,178.2100067138672,376.34759521484375,96.52310180664062
2023-03-16,25052.7890625,178.57000732421875,382.9507141113281,95.76802062988281
2023-03-17,27423.9296875,183.77000427246094,378.47296142578125,97.20537567138672
2023-03-18,26965.87890625,,,
2023-03-19,28038.67578125,,,
2023-03-20,27767.236328125,183.83999633789062,382.1122131347656,96.35025024414062
2023-03-21,28175.81640625,180.3699951171875,387.12957763671875,95.52240753173828
2023-03-22,27307.4375,183.44000244140625,380.5303649902344,96.79601287841797
2023-03-23,28333.97265625,185.74000549316406,381.55908203125,96.79601287841797
2023-03-24,27493.28515625,183.64999389648438,384.0628967285156,97.20537567138672
2023-03-25,27494.70703125,,,
2023-03-26,27994.330078125,,,
2023-03-27,27139.888671875,181.9499969482422,384.781005859375,94.92196655273438
2023-03-28,27268.130859375,183.44000244140625,383.91729736328125,95.09480285644531
2023-03-29,28348.44140625,182.52999877929688,389.49749755859375,94.90375518798828
2023-03-30,28033.5625,184.17999267578125,391.7781066894531,95.3404541015625
2023-03-31,28478.484375,183.22000122070312,397.3000793457031,96.76873779296875
2023-04-01,28411.03515625,,,
2023-04-02,28199.30859375,,,
2023-04-03,27790.220703125,184.5399932861328,398.8139953613281,97.22386169433594
2023-04-04,28168.08984375,187.97999572753906,396.601318359375,97.70722198486328
2023-04-05,28177.984375,187.8300018310547,395.56292724609375,98.72870635986328
2023-04-06,28044.140625,186.49000549316406,397.10595703125,98.98408508300781
2023-04-07,27925.859375,,,
2023-04-08,27947.794921875,,,
2023-04-09,28333.05078125,,,
2023-04-10,29652.98046875,185.11000061035156,397.5135498046875,97.38802337646484
2023-04-11,30235.05859375,186.27999877929688,397.620361328125,97.5886459350586
2023-04-12,30139.052734375,187.19000244140625,395.99969482421875,97.48834991455078
2023-04-13,30399.06640625,189.72000122070312,401.2595520019531,96.72221374511719
2023-04-14,30485.69921875,186.36000061035156,400.2794189453125,95.83756256103516
2023-04-15,30318.49609375,,,
2023-04-16,30315.35546875,,,
2023-04-17,29445.044921875,185.52999877929688,401.7156982421875,94.69750213623047
2023-04-18,30397.552734375,186.25,401.9777526855469,95.03495025634766
2023-04-19,28822.6796875,185.36000061035156,401.9097900390625,94.94374084472656
2023-04-20,28245.98828125,186.08999633789062,399.7165832519531,95.7554702758789
2023-04-21,27276.91015625,184.25,400.0271301269531,95.21734619140625
2023-04-22,27817.5,,,
2023-04-23,27591.384765625,,,
2023-04-24,27525.33984375,184.80999755859375,400.44439697265625,96.13851165771484
2023-04-25,28307.59765625,185.75,394.0877990722656,97.55216979980469
2023-04-26,28422.701171875,184.74000549316406,392.4186096191406,96.512451171875
2023-04-27,29473.787109375,184.75,400.2308654785156,95.55480194091797
2023-04-28,29340.26171875,184.8000030517578,403.6469421386719,97.09615325927734
2023-04-29,29248.48828125,,,
2023-04-30,29268.806640625,,,
2023-05-01,28091.568359375,183.97000122070312,403.2393493652344,94.29642486572266
2023-05-02,28680.537109375,187.52000427246094,398.7073059082031,96.64629364013672
2023-05-03,29006.30859375,189.11000061035156,395.9705505371094,97.18577575683594
2023-05-04,28847.7109375,190.44000244140625,393.1658630371094,96.2257080078125
2023-05-05,29534.384765625,187.4600067138672,400.44439697265625,95.90569305419922
2023-05-06,28904.623046875,,,
2023-05-07,28454.978515625,,,
2023-05-08,27694.2734375,187.69000244140625,400.5511169433594,94.56159210205078
2023-05-09,27658.775390625,189.02000427246094,398.7945556640625,94.22328186035156
2023-05-10,27621.755859375,188.75,400.65789794921875,95.13764190673828
2023-05-11,27000.7890625,187.1300048828125,399.9591979980469,96.14339447021484
2023-05-12,26804.990234375,186.80999755859375,399.4350891113281,95.33877563476562
2023-05-13,26784.078125,,,
2023-05-14,26930.638671875,,,
2023-05-15,27192.693359375,187.2100067138672,400.8131408691406,94.35128784179688
2023-05-16,27036.650390625,184.8699951171875,398.1346130371094,94.06782531738281
2023-05-17,27398.802734375,184.22999572753906,402.96759033203125,93.7935562133789
2023-05-18,26832.208984375,181.83999633789062,406.8494873046875,93.09862518310547
2023-05-19,26890.12890625,183.63999938964844,406.2574768066406,92.44031524658203
2023-05-20,27129.5859375,,,
2023-05-21,26753.826171875,,,
2023-05-22,26851.27734375,183.2100067138672,406.4224548339844,92.11114501953125
2023-05-23,27225.7265625,183.42999267578125,401.8612365722656,92.37628936767578
2023-05-24,26334.818359375,181.9499969482422,398.9498596191406,91.91912078857422
2023-05-25,26476.20703125,180.1999969482422,402.40472412109375,91.69054412841797
2023-05-26,26719.291015625,180.9199981689453,407.61614990234375,92.43116760253906
2023-05-27,26868.353515625,,,
2023-05-28,28085.646484375,,,
2023-05-29,27745.884765625,,,
2023-05-30,27702.349609375,182.0399932861328,407.77142333984375,93.35464477539062
2023-05-31,27219.658203125,182.32000732421875,405.5102233886719,94.16842651367188
2023-06-01,26819.97265625,183.75999450683594,409.3630065917969,94.53788757324219
2023-06-02,27249.58984375,181.0500030517578,415.2828674316406,93.5019302368164
2023-06-03,27075.12890625,,,
2023-06-04,27119.06640625,,,
2023-06-05,25760.09765625,182.13999938964844,414.487060546875,93.3277587890625
2023-06-06,27238.783203125,182.33999633789062,415.38958740234375,93.87779235839844
2023-06-07,26345.998046875,180.14999389648438,413.95330810546875,92.48429870605469
2023-06-08,26508.216796875,182.52999877929688,416.45709228515625,93.56610107421875
2023-06-09,26480.375,182.0399932861328,417.2043762207031,93.43775177001953
2023-06-10,25851.240234375,,,
2023-06-11,25940.16796875,,,
2023-06-12,25902.5,181.8800048828125,420.9891662597656,93.71279907226562
2023-06-13,25918.728515625,180.5399932861328,423.7647399902344,92.78684997558594
2023-06-14,25124.67578125,180.63999938964844,424.2694091796875,93.52942657470703
2023-06-15,25576.39453125,181.91000366210938,429.5293273925781,94.4278793334961
2023-06-16,26327.462890625,181.6300048828125,428.0662536621094,94.0611572265625
2023-06-17,26510.67578125,,,
2023-06-18,26336.212890625,,,
2023-06-19,26851.029296875,,,
2023-06-20,28327.48828125,179.75,425.8453674316406,94.71208190917969
2023-06-21,30027.296875,179.49000549316406,423.6634521484375,94.94125366210938
2023-06-22,29912.28125,177.7100067138672,425.1927795410156,93.7952880859375
2023-06-23,30695.46875,178.1999969482422,421.978271484375,94.73040771484375
2023-06-24,30548.6953125,,,
2023-06-25,30480.26171875,,,
2023-06-26,30271.130859375,178.50999450683594,420.2541809082031,94.83124542236328
2023-06-27,30688.1640625,177.69000244140625,424.861572265625,94.58373260498047
2023-06-28,30086.24609375,177.27999877929688,425.07586669921875,94.98711395263672
2023-06-29,30445.3515625,177.08999633789062,426.75128173828125,93.2727279663086
2023-06-30,30477.251953125,178.27000427246094,431.7872619628906,94.37287902832031
2023-07-01,30590.078125,,,
2023-07-02,30620.76953125,,,
2023-07-03,31156.439453125,178.47000122070312,432.2840270996094,93.83785247802734
2023-07-04,30777.58203125,,,
2023-07-05,30514.166015625,177.83999633789062,431.64111328125,92.94619750976562
2023-07-06,29909.337890625,177.30999755859375,428.2610778808594,91.63166046142578
2023-07-07,30342.265625,178.63999938964844,427.1798400878906,91.08008575439453
2023-07-08,30292.541015625,,,
2023-07-09,30171.234375,,,
2023-07-10,30414.470703125,178.77999877929688,428.2610778808594,91.1995849609375
2023-07-11,30620.951171875,179.4499969482422,430.9884338378906,91.66841125488281
2023-07-12,30391.646484375,181.8800048828125,434.4561767578125,92.68880462646484
2023-07-13,31476.048828125,182.00999450683594,437.90435791015625,93.66320037841797
2023-07-14,30334.068359375,181.42999267578125,437.63165283203125,93.11164093017578
2023-07-15,30295.806640625,,,
2023-07-16,30249.1328125,,,
2023-07-17,30145.888671875,181.55999755859375,439.1512145996094,93.1576156616211
2023-07-18,29856.5625,183.63999938964844,442.4143371582031,93.58048248291016
2023-07-19,29913.923828125,183.6699981689453,443.3981628417969,94.63762664794922
2023-07-20,29792.015625,182.74000549316406,440.4564514160156,93.4885482788086
2023-07-21,29908.744140625,182.17999267578125,440.4564514160156,93.51612091064453
2023-07-22,29771.802734375,,,
2023-07-23,30084.5390625,,,
2023-07-24,29176.916015625,181.39999389648438,442.4241027832031,93.17597961425781
2023-07-25,29227.390625,182.41000366210938,443.6319885253906,93.00135803222656
2023-07-26,29354.97265625,183.3000030517578,443.70013427734375,93.09324645996094
2023-07-27,29210.689453125,180.4199981689453,440.7583923339844,91.28234100341797
2023-07-28,29319.24609375,181.86000061035156,445.0736083984375,91.75113677978516
2023-07-29,29356.91796875,,,
2023-07-30,29275.30859375,,,
2023-07-31,29230.111328125,182.35000610351562,445.9210510253906,91.97174835205078
2023-08-01,29675.732421875,180.4600067138672,444.64495849609375,90.46463012695312
2023-08-02,29151.958984375,179.60000610351562,438.4595947265625,89.49674987792969
2023-08-03,29178.6796875,179.5399932861328,437.20306396484375,87.43192291259766
2023-08-04,29074.091796875,180.19000244140625,435.2257080078125,88.98054504394531
2023-08-05,29042.126953125,,,
2023-08-06,29041.85546875,,,
2023-08-07,29180.578125,179.77999877929688,439.0245361328125,88.10485076904297
2023-08-08,29765.4921875,178.63999938964844,437.11541748046875,89.1280288696289
2023-08-09,29561.494140625,177.7899932861328,434.19317626953125,89.58894348144531
2023-08-10,29429.591796875,177.60000610351562,434.3489990234375,88.11406707763672
2023-08-11,29397.71484375,177.60000610351562,434.0957946777344,87.91127014160156
2023-08-12,29415.96484375,,,
2023-08-13,29282.9140625,,,
2023-08-14,29408.443359375,177.05999755859375,436.4919738769531,87.71771240234375
2023-08-15,29170.34765625,176.58999633789062,431.4073791503906,87.18305206298828
2023-08-16,28701.779296875,175.57000732421875,428.2415771484375,86.50092315673828
2023-08-17,26664.55078125,175.3000030517578,424.978515625,86.1322250366211
2023-08-18,26049.556640625,175.3300018310547,425.18304443359375,86.43640899658203
2023-08-19,26096.205078125,,,
2023-08-20,26189.583984375,,,
2023-08-21,26124.140625,175.80999755859375,427.94940185546875,85.28417205810547
2023-08-22,26031.65625,176.10000610351562,426.7902526855469,85.93862915039062
2023-08-23,26431.640625,177.88999938964844,431.543701171875,88.06797790527344
2023-08-24,26162.373046875,177.85000610351562,425.5629577636719,87.48724365234375
2023-08-25,26047.66796875,177.6199951171875,428.56304931640625,87.77299499511719
2023-08-26,26008.462890625,,,
2023-08-27,26089.693359375,,,
2023-08-28,26106.150390625,178.1300048828125,431.2807312011719,87.86517333984375
2023-08-29,27727.392578125,179.8699951171875,437.5147399902344,88.77777862548828
2023-08-30,27297.265625,180.32000732421875,439.3168029785156,88.68556213378906
2023-08-31,25931.47265625,180.02000427246094,438.6739501953125,89.08195495605469
2023-09-01,25800.724609375,180.11000061035156,439.4922180175781,87.69417572021484
2023-09-02,25868.798828125,,,
2023-09-03,25969.56640625,,,
2023-09-04,25812.416015625,,,
2023-09-05,25779.982421875,178.63999938964844,437.5926818847656,86.46453857421875
2023-09-06,25753.236328125,177.8300018310547,434.6510314941406,86.67716979980469
2023-09-07,26240.1953125,178.02000427246094,433.3164978027344,86.91754913330078
2023-09-08,25905.654296875,178.0800018310547,433.9691162109375,87.25040435791016
2023-09-09,25895.677734375,,,
2023-09-10,25832.2265625,,,
2023-09-11,25162.654296875,178.41000366210938,436.82318115234375,86.6217041015625
2023-09-12,25833.34375,177.49000549316406,434.4269714355469,87.1209487915039
2023-09-13,26228.32421875,177.0800018310547,434.9335021972656,87.10244750976562
2023-09-14,26539.673828125,177.1699981689453,438.6836853027344,86.47376251220703
2023-09-15,26608.693359375,178.33999633789062,433.3982849121094,85.94677734375
2023-09-16,26568.28125,,,
2023-09-17,26534.1875,,,
2023-09-18,26754.28125,179.38999938964844,433.65240478515625,86.43677520751953
2023-09-19,27211.1171875,179.22000122070312,432.75311279296875,85.7988510131836
2023-09-20,27132.0078125,179.35000610351562,428.774658203125,86.06697082519531
2023-09-21,26567.6328125,178.0500030517578,421.6877136230469,83.85728454589844
2023-09-22,26579.568359375,178.6199951171875,420.7395324707031,84.53219604492188
2023-09-23,26579.390625,,,
2023-09-24,26256.826171875,,,
2023-09-25,26298.48046875,177.6999969482422,422.50885009765625,82.45195007324219
2023-09-26,26217.25,176.27999877929688,416.3016357421875,82.16534423828125
2023-09-27,26352.716796875,174.10000610351562,416.4677734375,81.74002838134766
2023-09-28,27021.546875,173.22999572753906,418.8822326660156,81.98968505859375
2023-09-29,26911.720703125,171.4499969482422,417.8656311035156,81.9989242553711
2023-09-30,26967.916015625,,,
2023-10-01,27983.75,,,
2023-10-02,27530.78515625,169.64999389648438,417.699462890625,80.6262435913086
2023-10-03,27429.978515625,169.16000366210938,412.10809326171875,78.891845703125
2023-10-04,27799.39453125,169.13999938964844,415.10906982421875,80.00482177734375
2023-10-05,27415.912109375,168.8300018310547,414.9526672363281,79.60601806640625
2023-10-06,27946.59765625,169.6999969482422,419.8793029785156,78.6414566040039
2023-10-07,27968.83984375,,,
2023-10-08,27935.08984375,,,
2023-10-09,27583.677734375,172.82000732421875,422.5675048828125,80.48711395263672
2023-10-10,27391.01953125,172.52999877929688,424.766845703125,80.3758316040039
2023-10-11,26873.3203125,173.7899932861328,426.5068664550781,82.05457305908203
2023-10-12,26756.798828125,173.25999450683594,423.9066467285156,79.82860565185547
2023-10-13,26862.375,178.8300018310547,421.7951965332031,81.25692749023438
2023-10-14,26861.70703125,,,
2023-10-15,27159.65234375,,,
2023-10-16,28519.466796875,177.9600067138672,426.233154296875,79.94918823242188
2023-10-17,28415.748046875,178.2899932861328,426.2135925292969,79.06808471679688
2023-10-18,28328.341796875,180.8699951171875,420.53424072265625,78.37245178222656
2023-10-19,28719.806640625,183.08999633789062,416.8392639160156,76.76790618896484
2023-10-20,29682.94921875,183.58999633789062,411.7170715332031,77.20382690429688
2023-10-21,29918.412109375,,,
2023-10-22,29993.896484375,,,
2023-10-23,33086.234375,182.97000122070312,411.0035095214844,78.13131713867188
2023-10-24,33901.52734375,182.9499969482422,414.1022644042969,79.16082763671875
2023-10-25,34502.8203125,183.72000122070312,408.158935546875,77.39859771728516
2023-10-26,34156.6484375,184.00999450683594,403.27142333984375,78.58577728271484
2023-10-27,33909.80078125,186.14999389648438,401.4434509277344,78.25187683105469
2023-10-28,34089.57421875,,,
2023-10-29,34538.48046875,,,
2023-10-30,34502.36328125,185.10000610351562,406.2430725097656,77.89945983886719
2023-10-31,34667.78125,184.08999633789062,408.7943420410156,77.5191650390625
2023-11-01,35437.25390625,183.50999450683594,413.154052734375,79.199951171875
2023-11-02,34938.2421875,184.1199951171875,421.0718688964844,81.00544738769531
2023-11-03,34732.32421875,184.7899932861328,424.91351318359375,81.55455780029297
2023-11-04,35082.1953125,,,
2023-11-05,35049.35546875,,,
2023-11-06,35037.37109375,183.35000610351562,425.8909912109375,80.76347351074219
2023-11-07,35443.5625,182.58999633789062,427.1030578613281,81.95474243164062
2023-11-08,35655.27734375,180.77000427246094,427.4158935546875,83.35073852539062
2023-11-09,36693.125,181.49000549316406,424.0826110839844,81.43358612060547
2023-11-10,37313.96875,179.50999450683594,430.7003479003906,81.88958740234375
2023-11-11,37138.05078125,,,
2023-11-12,37054.51953125,,,
2023-11-13,36502.35546875,180.50999450683594,430.2897644042969,81.70344543457031
2023-11-14,35537.640625,182.1199951171875,438.6376953125,83.55547332763672
2023-11-15,37880.58203125,181.63999938964844,439.56634521484375,82.38284301757812
2023-11-16,36154.76953125,183.69000244140625,440.10400390625,83.40658569335938
2023-11-17,36596.68359375,183.6699981689453,440.6514587402344,83.7974624633789
2023-11-18,36585.703125,,,
2023-11-19,37386.546875,,,
2023-11-20,37476.95703125,183.3699951171875,444.0433349609375,84.30933380126953
2023-11-21,35813.8125,185.35000610351562,443.07562255859375,84.27210998535156
2023-11-22,37432.33984375,184.55999755859375,444.7862548828125,84.56991577148438
2023-11-23,37289.62109375,,,
2023-11-24,37720.28125,185.52000427246094,445.0599365234375,83.57411193847656
2023-11-25,37796.79296875,,,
2023-11-26,37479.12109375,,,
2023-11-27,37254.16796875,186.77000427246094,444.25836181640625,84.97010040283203
2023-11-28,37831.0859375,189.25999450683594,444.69830322265625,85.13764190673828
2023-11-29,37858.4921875,189.5399932861328,444.38543701171875,86.20787811279297
2023-11-30,37712.74609375,188.75,446.13519287109375,85.21207427978516
2023-12-01,38688.75,192.00999450683594,448.7745056152344,86.81697082519531
2023-12-02,39476.33203125,,,
2023-12-03,39978.390625,,,
2023-12-04,41980.09765625,187.86000061035156,446.4186706542969,86.47152709960938
2023-12-05,44080.6484375,187.14999389648438,446.3307189941406,88.32942962646484
2023-12-06,43746.4453125,187.83999633789062,444.5321044921875,89.50578308105469
2023-12-07,43292.6640625,188.14999389648438,447.92401123046875,88.99229431152344
2023-12-08,44166.6015625,185.63999938964844,449.8497314453125,88.26409149169922
2023-12-09,43725.984375,,,
2023-12-10,43779.69921875,,,
2023-12-11,41243.83203125,183.58999633789062,451.5994567871094,88.07733917236328
2023-12-12,41450.22265625,183.49000549316406,453.6620178222656,88.33877563476562
2023-12-13,42890.7421875,187.6300048828125,459.9181213378906,90.41138458251953
2023-12-14,43023.97265625,188.72999572753906,461.3941650390625,92.76325988769531
2023-12-15,41929.7578125,187.0,460.63446044921875,92.86626434326172
2023-12-16,42240.1171875,,,
2023-12-17,41364.6640625,,,
2023-12-18,42623.5390625,187.85000610351562,463.2255554199219,92.12635040283203
2023-12-19,42270.52734375,189.1300048828125,466.0423583984375,92.62275695800781
2023-12-20,43652.25,188.10000610351562,459.58428955078125,93.25031280517578
2023-12-21,43869.15234375,189.42999267578125,463.9420166015625,92.66023254394531
2023-12-22,43997.90234375,190.27000427246094,464.8743896484375,92.2387466430664
2023-12-23,43739.54296875,,,
2023-12-24,43016.1171875,,,
2023-12-25,43613.140625,,,
2023-12-26,42520.40234375,191.72000122070312,466.8373718261719,92.50099182128906
2023-12-27,43442.85546875,192.58999633789062,467.68145751953125,94.14009857177734
2023-12-28,42627.85546875,191.47000122070312,467.85809326171875,93.45635986328125
2023-12-29,42099.40234375,191.1699981689453,466.503662109375,92.6134033203125
2023-12-30,42156.90234375,,,
2023-12-31,42265.1875,,,
2024-01-01,44167.33203125,,,
2024-01-02,44957.96875,190.72000122070312,463.8929138183594,92.07952880859375
2024-01-03,42848.17578125,189.1300048828125,460.1044921875,92.46353149414062
2024-01-04,44179.921875,189.32000732421875,458.6224365234375,91.05860137939453
2024-01-05,44162.69140625,189.35000610351562,459.2505798339844,90.18753814697266
2024-01-06,43989.1953125,,,
2024-01-07,43943.09765625,,,
2024-01-08,46970.50390625,187.8699951171875,465.80682373046875,91.07733154296875
2024-01-09,46139.73046875,187.92999267578125,465.1001281738281,90.49662780761719
2024-01-10,46627.77734375,187.5,467.73052978515625,90.07513427734375
2024-01-11,46368.5859375,187.8699951171875,467.5244445800781,90.5809326171875
2024-01-12,42853.16796875,189.7100067138672,467.8482666015625,90.40296173095703
2024-01-13,42842.3828125,,,
2024-01-14,41796.26953125,,,
2024-01-15,42511.96875,,,
2024-01-16,43154.9453125,187.91000366210938,466.1307067871094,88.81069946289062
2024-01-17,42742.65234375,185.83999633789062,463.53961181640625,88.6701889038086
2024-01-18,41262.05859375,187.3699951171875,467.66180419921875,87.84597778320312
2024-01-19,41618.40625,187.92999267578125,473.4917297363281,88.126953125
2024-01-20,41665.5859375,,,
2024-01-21,41545.78515625,,,
2024-01-22,39507.3671875,187.22000122070312,474.49285888671875,88.65149688720703
2024-01-23,39845.55078125,187.9499969482422,475.876708984375,87.94900512695312
2024-01-24,40077.07421875,186.39999389648438,476.39691162109375,87.43386840820312
2024-01-25,39933.80859375,187.13999938964844,478.9880065917969,88.00521850585938
2024-01-26,41816.87109375,187.00999450683594,478.3795166015625,87.83660125732422
2024-01-27,42120.0546875,,,
2024-01-28,42035.59375,,,
2024-01-29,43288.24609375,188.3300018310547,482.1679382324219,88.8481674194336
2024-01-30,42952.609375,188.58999633789062,481.7950439453125,89.65367126464844
2024-01-31,42582.60546875,188.4499969482422,473.93341064453125,90.53409576416016
2024-02-01,43075.7734375,190.41000366210938,480.1363525390625,92.31000518798828
2024-02-02,43185.859375,188.61000061035156,485.1909484863281,90.27098846435547
2024-02-03,42992.25,,,
2024-02-04,42583.58203125,,,
2024-02-05,42658.66796875,187.57000732421875,483.4242248535156,88.4480972290039
2024-02-06,43084.671875,188.5500030517578,484.8277893066406,89.31256866455078
2024-02-07,44318.22265625,188.5,488.87139892578125,88.88034057617188
2024-02-08,45301.56640625,188.3300018310547,489.0873107910156,88.363525390625
2024-02-09,47147.19921875,187.60000610351562,491.91400146484375,88.18498229980469
2024-02-10,47771.27734375,,,
2024-02-11,48293.91796875,,,
2024-02-12,49958.22265625,187.11000061035156,491.6980895996094,88.2883529663086
2024-02-13,49742.44140625,184.52999877929688,484.9259338378906,86.77555084228516
2024-02-14,51826.6953125,184.4199981689453,489.3327331542969,87.21717834472656
2024-02-15,51938.5546875,185.66000366210938,492.7090148925781,87.66819763183594
2024-02-16,52160.203125,186.33999633789062,490.25531005859375,87.16078186035156
2024-02-17,51662.99609375,,,
2024-02-18,52122.546875,,,
2024-02-19,51779.14453125,,,
2024-02-20,52284.875,187.47000122070312,487.5562744140625,87.2359619140625
2024-02-21,51839.1796875,187.47999572753906,487.9979248046875,86.61580657958984
2024-02-22,51304.97265625,187.55999755859375,498.0972595214844,87.03865051269531
2024-02-23,50731.94921875,188.6199951171875,498.4408264160156,88.20379638671875
2024-02-24,51571.1015625,,,
2024-02-25,51733.23828125,,,
2024-02-26,54522.40234375,188.1999969482422,496.615234375,87.94068908691406
2024-02-27,57085.37109375,188.0,497.53778076171875,87.32052612304688
2024-02-28,62504.7890625,188.33999633789062,496.8802490234375,87.87491607666016
2024-02-29,61198.3828125,189.30999755859375,498.66650390625,88.49507904052734
2024-03-01,62440.6328125,192.88999938964844,503.3481140136719,89.0465087890625
2024-03-02,62029.84765625,,,
2024-03-03,63167.37109375,,,
2024-03-04,68330.4140625,196.00999450683594,502.8083190917969,88.68830871582031
2024-03-05,63801.19921875,197.19000244140625,497.7831726074219,89.95137786865234
2024-03-06,66106.8046875,198.80999755859375,500.3055419921875,90.47921752929688
2024-03-07,66925.484375,199.94000244140625,505.2718505859375,90.3944091796875
2024-03-08,68300.09375,201.6300048828125,502.23907470703125,90.23414611816406
2024-03-09,68498.8828125,,,
2024-03-10,69019.7890625,,,
2024-03-11,72123.90625,202.0,501.8072509765625,90.18704223632812
2024-03-12,71481.2890625,199.7899932861328,507.20538330078125,89.43294525146484
2024-03-13,73083.5,201.19000244140625,506.4103088378906,88.9993667602539
2024-03-14,71396.59375,200.35000610351562,505.4093017578125,87.63261413574219
2024-03-15,69403.7734375,199.7100067138672,501.9388122558594,87.60433959960938
2024-03-16,65315.1171875,,,
2024-03-17,68390.625,,,
2024-03-18,67548.59375,200.02999877929688,504.9219055175781,87.34040069580078
2024-03-19,61912.7734375,199.8000030517578,507.7278747558594,87.5854721069336
2024-03-20,67913.671875,202.17999267578125,512.4238891601562,87.55720520019531
2024-03-21,65491.390625,201.97000122070312,514.1173706054688,87.74571990966797
2024-03-22,63778.76171875,200.35000610351562,513.1426391601562,88.58463287353516
2024-03-23,64062.203125,,,
2024-03-24,67234.171875,,,
2024-03-25,69958.8125,200.99000549316406,511.72491455078125,88.1416015625
2024-03-26,69987.8359375,201.63999938964844,510.77978515625,88.38667297363281
2024-03-27,69455.34375,203.10000610351562,515.0723266601562,89.26329803466797
2024-03-28,70744.953125,205.72000122070312,514.9738159179688,89.18788146972656
2024-03-29,69892.828125,,,
2024-03-30,69645.3046875,,,
2024-03-31,71333.6484375,,,
2024-04-01,69702.1484375,207.82000732421875,514.0779418945312,87.52532196044922
2024-04-02,65446.97265625,210.88999938964844,510.8094177246094,87.04302978515625
2024-04-03,65980.8125,212.74000549316406,511.3704528808594,87.02408599853516
2024-04-04,68508.84375,211.52000427246094,505.1286926269531,87.64827728271484
2024-04-05,67837.640625,215.13999938964844,510.4056701660156,86.42830657958984
2024-04-06,68896.109375,,,
2024-04-07,69362.5546875,,,
2024-04-08,71631.359375,216.47999572753906,510.6911926269531,86.4188461303711
2024-04-09,69139.015625,217.6699981689453,511.2819519042969,87.22269439697266
2024-04-10,70587.8828125,215.61000061035156,506.1623840332031,85.32183074951172
2024-04-11,70060.609375,219.8000030517578,509.98236083984375,84.93409729003906
2024-04-12,67195.8671875,216.88999938964844,502.9430236816406,85.38803100585938
2024-04-13,63821.47265625,,,
2024-04-14,65738.7265625,,,
2024-04-15,63426.2109375,220.9499969482422,496.6420593261719,84.06402587890625
2024-04-16,63811.86328125,221.22000122070312,495.7362976074219,83.5060806274414
2024-04-17,61276.69140625,219.58999633789062,492.8023986816406,84.43285369873047
2024-04-18,63512.75390625,220.33999633789062,491.78839111328125,84.00729370117188
2024-04-19,63843.5703125,221.02999877929688,487.495849609375,84.30992889404297
2024-04-20,64994.44140625,,,
2024-04-21,64926.64453125,,,
2024-04-22,66837.6796875,215.57000732421875,491.9853210449219,84.16806030273438
2024-04-23,66407.2734375,215.0399932861328,497.82354736328125,84.19642639160156
2024-04-24,64276.8984375,214.63999938964844,497.5872497558594,83.60063934326172
2024-04-25,64481.70703125,215.9199981689453,495.6968994140625,83.01429748535156
2024-04-26,63755.3203125,216.6199951171875,500.3931579589844,83.44931030273438
2024-04-27,63419.140625,,,
2024-04-28,63113.23046875,,,
2024-04-29,63841.12109375,216.17999267578125,502.165283203125,84.14913940429688
2024-04-30,60636.85546875,211.8699951171875,494.2103576660156,83.43041229248047
2024-05-01,58254.01171875,213.7899932861328,492.60552978515625,84.04537963867188
2024-05-02,59123.43359375,213.1300048828125,497.2131042480469,84.406005859375
2024-05-03,62889.8359375,212.9600067138672,503.3762512207031,85.26010131835938
2024-05-04,63891.47265625,,,
2024-05-05,64031.1328125,,,
2024-05-06,63161.94921875,215.1999969482422,508.5744323730469,85.59227752685547
2024-05-07,62334.81640625,214.2100067138672,509.1356201171875,86.1142349243164
2024-05-08,61187.94140625,213.5800018310547,509.1849365234375,85.59227752685547
2024-05-09,63049.9609375,216.9499969482422,512.1187133789062,86.00984191894531
2024-05-10,60792.77734375,218.7100067138672,512.7784423828125,85.52584075927734
2024-05-11,60793.7109375,,,
2024-05-12,61448.39453125,,,
2024-05-13,62901.44921875,216.25999450683594,512.8473510742188,85.74411010742188
2024-05-14,61552.7890625,218.08999633789062,515.2003173828125,86.22813415527344
2024-05-15,66267.4921875,220.88999938964844,521.5800170898438,87.40491485595703
2024-05-16,65231.58203125,220.02999877929688,520.5068969726562,87.31950378417969
2024-05-17,67051.875,223.66000366210938,521.2551879882812,86.73110961914062
2024-05-18,66940.8046875,,,
2024-05-19,66278.3671875,,,
2024-05-20,71448.1953125,224.55999755859375,521.855712890625,86.4748764038086
2024-05-21,70136.53125,224.22999572753906,523.1355590820312,86.92090606689453
2024-05-22,69122.3359375,220.11000061035156,521.6293334960938,87.02530670166016
2024-05-23,67929.5625,215.72000122070312,517.8191528320312,86.46537780761719
2024-05-24,68526.1015625,215.9199981689453,521.2453002929688,86.72161865234375
2024-05-25,69265.9453125,,,
2024-05-26,68518.09375,,,
2024-05-27,69394.5546875,,,
2024-05-28,68296.21875,218.19000244140625,521.609619140625,85.4783935546875
2024-05-29,67578.09375,216.16000366210938,517.9569091796875,84.44396209716797
2024-05-30,68364.9921875,216.57000732421875,514.52099609375,85.26010131835938
2024-05-31,67491.4140625,215.3000030517578,519.2073974609375,85.8390121459961
2024-06-01,67706.9375,,,
2024-06-02,67751.6015625,,,
2024-06-03,68804.78125,217.22000122070312,519.6306762695312,87.22742462158203
2024-06-04,70567.765625,215.27000427246094,520.2115478515625,88.24634552001953
2024-06-05,71082.8203125,217.82000732421875,526.3943481445312,88.89388275146484
2024-06-06,70757.1640625,219.42999267578125,526.3844604492188,88.76057434082031
2024-06-07,69342.5859375,211.60000610351562,525.7445678710938,87.13219451904297
2024-06-08,69305.7734375,,,
2024-06-09,69647.9921875,,,
2024-06-10,69512.28125,213.5399932861328,527.368896484375,86.55132293701172
2024-06-11,67332.03125,214.14999389648438,528.6390380859375,87.44644165039062
2024-06-12,68241.1875,214.72000122070312,532.9807739257812,88.103515625
2024-06-13,66756.3984375,212.97000122070312,534.0538940429688,89.39856719970703
2024-06-14,66011.09375,215.72999572753906,534.3788452148438,90.15088653564453
2024-06-15,66191.0,,,
2024-06-16,66639.046875,,,
2024-06-17,66490.296875,214.61000061035156,538.6319580078125,89.2557601928711
2024-06-18,65140.74609375,215.47000122070312,540.0003662109375,90.07469177246094
2024-06-19,64960.296875,,,
2024-06-20,64828.65625,218.16000366210938,538.5335083007812,89.47477722167969
2024-06-21,64096.19921875,214.77999877929688,537.8115844726562,89.47477722167969
2024-06-22,64252.578125,,,
2024-06-23,63180.796875,,,
2024-06-24,60277.4140625,215.6300048828125,536.063232421875,89.83661651611328
2024-06-25,61804.640625,214.55999755859375,538.1275634765625,89.9889907836914
2024-06-26,60811.27734375,212.5800018310547,538.7991943359375,88.70344543457031
2024-06-27,61604.80078125,214.99000549316406,539.6486206054688,89.05577087402344
2024-06-28,60320.13671875,215.00999450683594,537.5250244140625,87.39884948730469
2024-06-29,60887.37890625,,,
2024-06-30,62678.29296875,,,
2024-07-01,62851.98046875,215.57000732421875,538.6312866210938,85.89043426513672
2024-07-02,62029.015625,215.55999755859375,542.256103515625,86.55912780761719
2024-07-03,60173.921875,217.99000549316406,544.676025390625,87.69593811035156
2024-07-04,56977.703125,,,
2024-07-05,56662.375,220.92999267578125,547.81689453125,88.42195892333984
2024-07-06,58303.5390625,,,
2024-07-07,55849.109375,,,
2024-07-08,56705.09765625,218.19000244140625,548.448974609375,88.6130142211914
2024-07-09,58009.2265625,218.55999755859375,548.982421875,88.2213363647461
2024-07-10,57742.49609375,219.36000061035156,554.4146728515625,88.49837493896484
2024-07-11,57344.9140625,223.25,549.6342163085938,89.35813903808594
2024-07-12,57899.46484375,223.11000061035156,553.1010131835938,89.74026489257812
2024-07-13,59231.953125,,,
2024-07-14,60787.79296875,,,
2024-07-15,64870.15234375,223.8300018310547,554.6220703125,88.70854949951172
2024-07-16,65097.1484375,228.2899932861328,557.9111938476562,89.9599838256836
2024-07-17,64118.79296875,227.22999572753906,550.0885620117188,89.97907257080078
2024-07-18,63974.06640625,225.77999877929688,545.8612060546875,89.291259765625
2024-07-19,66710.15625,221.72999572753906,542.236328125,88.76586151123047
2024-07-20,67163.6484375,,,
2024-07-21,68154.5234375,,,
2024-07-22,67585.25,221.8000030517578,547.8267822265625,88.50792694091797
2024-07-23,65927.671875,222.5800018310547,546.9674682617188,88.38373565673828
2024-07-24,65372.1328125,221.8000030517578,534.5718383789062,87.4284439086914
2024-07-25,65777.2265625,218.3300018310547,531.7864990234375,88.1449203491211
2024-07-26,67912.0625,220.6300048828125,537.7423095703125,88.83273315429688
2024-07-27,67813.3359375,,,
2024-07-28,68255.8671875,,,
2024-07-29,66819.9140625,220.32000732421875,538.0584106445312,89.31037902832031
2024-07-30,66201.015625,222.52000427246094,535.3323974609375,89.65428161621094
2024-07-31,64619.25,226.5500030517578,544.033935546875,90.57136535644531
2024-08-01,65357.5,225.77000427246094,536.3298950195312,91.3525161743164
2024-08-02,61415.06640625,225.33999633789062,526.3443603515625,94.1991958618164
2024-08-03,60680.09375,,,
2024-08-04,58116.9765625,,,
2024-08-05,53991.45703125,222.47999572753906,511.0152282714844,94.69762420654297
2024-08-06,56034.31640625,220.6999969482422,515.7265625,92.57937622070312
2024-08-07,55027.4609375,220.5500030517578,512.2794799804688,91.9276123046875
2024-08-08,61710.13671875,224.00999450683594,524.1220703125,91.36211395263672
2024-08-09,60880.11328125,224.55999755859375,526.4332275390625,92.26309967041016
2024-08-10,60945.8125,,,
2024-08-11,58719.484375,,,
2024-08-12,59354.515625,228.41000366210938,526.709716796875,92.59854125976562
2024-08-13,60609.56640625,228.05999755859375,535.3718872070312,93.24072265625
2024-08-14,58737.26953125,226.1999969482422,537.0608520507812,93.82540130615234
2024-08-15,57560.09765625,226.91000366210938,546.2662353515625,93.06819152832031
2024-08-16,58894.10546875,231.99000549316406,547.490966796875,93.39408111572266
2024-08-17,59478.97265625,,,
2024-08-18,58483.96484375,,,
2024-08-19,59493.453125,231.61000061035156,552.7257080078125,93.82540130615234
2024-08-20,59012.79296875,232.4600067138672,551.826904296875,94.57300567626953
2024-08-21,61175.19140625,232.14999389648438,553.7233276367188,94.6305160522461
2024-08-22,60381.9140625,229.3699951171875,549.37744140625,93.69121551513672
2024-08-23,64094.35546875,232.02000427246094,555.2147827148438,94.30464172363281
2024-08-24,64178.9921875,,,
2024-08-25,64333.54296875,,,
2024-08-26,62880.66015625,232.75999450683594,553.8912353515625,94.06501770019531
2024-08-27,59504.1328125,233.38999938964844,554.6517333984375,93.90206909179688
2024-08-28,59027.625,231.75,551.4318237304688,93.78705596923828
2024-08-29,59388.1796875,232.9499969482422,551.481201171875,93.4803466796875
2024-08-30,59119.4765625,231.2899932861328,556.7456665039062,92.48353576660156
2024-08-31,58969.8984375,,,
2024-09-01,57325.48828125,,,
2024-09-02,59112.48046875,,,
2024-09-03,57431.0234375,230.2899932861328,545.2884521484375,93.99612426757812
2024-09-04,57971.5390625,230.42999267578125,544.1723022460938,95.2077407836914
2024-09-05,56160.48828125,232.35000610351562,542.8487548828125,95.74622344970703
2024-09-06,53948.75390625,230.6300048828125,533.7124633789062,95.73661041259766
2024-09-07,54139.6875,,,
2024-09-08,54841.56640625,,,
2024-09-09,57019.53515625,231.60000610351562,539.6880493164062,96.15009307861328
2024-09-10,57648.7109375,232.6199951171875,542.038818359375,96.8232192993164
2024-09-11,57343.171875,232.25,547.599609375,96.74628448486328
2024-09-12,58127.01171875,236.3300018310547,552.212158203125,96.29434204101562
2024-09-13,60571.30078125,238.67999267578125,555.0963134765625,96.5539779663086
2024-09-14,60005.12109375,,,
2024-09-15,59182.8359375,,,
2024-09-16,58192.5078125,238.66000366210938,555.916015625,97.43864440917969
2024-09-17,60308.5390625,237.33999633789062,556.1431884765625,96.96745300292969
2024-09-18,61649.6796875,235.50999450683594,554.4937744140625,95.76545715332031
2024-09-19,62940.45703125,239.1699981689453,563.955810546875,95.4481201171875
2024-09-20,63192.9765625,242.2100067138672,562.9810180664062,95.08271026611328
2024-09-21,63394.83984375,,,
2024-09-22,63648.7109375,,,
2024-09-23,63329.80078125,242.67999267578125,564.3877563476562,94.88079071044922
2024-09-24,64301.96875,246.07000732421875,566.002685546875,94.86156463623047
2024-09-25,63143.14453125,245.72999572753906,564.75439453125,94.07304382324219
2024-09-26,65181.01953125,246.97999572753906,566.993408203125,94.29419708251953
2024-09-27,65790.6640625,245.02000427246094,566.1710815429688,94.78462982177734
2024-09-28,65887.6484375,,,
2024-09-29,65635.3046875,,,
2024-09-30,63329.5,243.05999755859375,568.4398803710938,94.33267211914062
2024-10-01,60837.0078125,245.61000061035156,563.3475952148438,95.01375579833984
2024-10-02,60632.78515625,245.66000366210938,563.5852661132812,94.21306610107422
2024-10-03,60759.40234375,245.49000549316406,562.554931640625,93.32552337646484
2024-10-04,62067.4765625,245.0,567.6671752929688,92.17752075195312
2024-10-05,62089.94921875,,,
2024-10-06,62818.953125,,,
2024-10-07,62236.66015625,244.1699981689453,562.5350952148438,91.48294830322266
2024-10-08,62131.96875,242.3699951171875,567.8553466796875,91.63729095458984
2024-10-09,60582.1015625,241.0500030517578,571.78857421875,91.11634826660156
2024-10-10,60274.5,242.82000732421875,570.7879028320312,90.75941467285156
2024-10-11,62445.08984375,245.47000122070312,574.2059326171875,90.392822265625
2024-10-12,63193.0234375,,,
2024-10-13,62851.375,,,
2024-10-14,66046.125,245.07000732421875,578.9019165039062,90.46035766601562
2024-10-15,67041.109375,245.9199981689453,574.404052734375,91.56011199951172
2024-10-16,67612.71875,247.14999389648438,576.9006958007812,91.94599151611328
2024-10-17,67399.8359375,248.6300048828125,576.9501953125,90.48929595947266
2024-10-18,68418.7890625,251.27000427246094,579.1694946289062,90.55682373046875
2024-10-19,68362.734375,,,
2024-10-20,69001.703125,,,
2024-10-21,67367.8515625,251.22000122070312,578.2183837890625,88.97470092773438
2024-10-22,67361.40625,253.92999267578125,577.9111938476562,89.06153869628906
2024-10-23,66432.1953125,250.8699951171875,572.630615234375,88.82035827636719
2024-10-24,68161.0546875,252.8000030517578,573.8690795898438,89.3895492553711
2024-10-25,66642.4140625,253.32000732421875,573.6709594726562,88.88788604736328
2024-10-26,67014.6953125,,,
2024-10-27,67929.296875,,,
2024-10-28,69907.7578125,253.3300018310547,575.4443359375,88.64672088623047
2024-10-29,72720.4921875,256.0899963378906,576.3756713867188,88.78176879882812
2024-10-30,72339.5390625,257.5,574.6318969726562,89.04224395751953
2024-10-31,70215.1875,253.50999450683594,563.3673706054688,89.18694305419922
2024-11-01,69482.46875,252.47000122070312,565.7451171875,87.9295654296875
2024-11-02,69289.2734375,,,
2024-11-03,68741.1171875,,,
2024-11-04,67811.5078125,252.8300018310547,564.5264892578125,89.29438781738281
2024-11-05,69359.5625,253.39999389648438,571.3526611328125,89.76868438720703
2024-11-06,75639.078125,245.6999969482422,585.5596313476562,87.31005859375
2024-11-07,75904.859375,249.64999389648438,590.0873413085938,88.40386199951172
2024-11-08,76545.4765625,247.9600067138672,592.6433715820312,89.52668762207031
2024-11-09,76778.8671875,,,
2024-11-10,80474.1875,,,
2024-11-11,88701.484375,242.13999938964844,593.2081298828125,89.09112548828125
2024-11-12,87955.8125,240.0500030517578,591.3653564453125,87.75532531738281
2024-11-13,90584.1640625,237.6300048828125,591.6526489257812,86.92288970947266
2024-11-14,87250.4296875,237.00999450683594,587.8482055664062,87.42622375488281
2024-11-15,91066.0078125,236.58999633789062,580.3187255859375,87.19391632080078
2024-11-16,90558.4765625,,,
2024-11-17,89845.8515625,,,
2024-11-18,90542.640625,241.08999633789062,582.6964721679688,87.34877014160156
2024-11-19,92343.7890625,243.25,584.8264770507812,87.79405212402344
2024-11-20,94339.4921875,244.6199951171875,585.0247192382812,87.51335144042969
2024-11-21,98504.7265625,246.66000366210938,588.165283203125,87.44558715820312
2024-11-22,98997.6640625,249.83999633789062,589.9881591796875,87.49398040771484
2024-11-23,97777.28125,,,
2024-11-24,98013.8203125,,,
2024-11-25,93102.296875,242.47999572753906,591.989501953125,89.75900268554688
2024-11-26,91985.3203125,242.9499969482422,595.08056640625,89.41056060791016
2024-11-27,95962.53125,243.49000549316406,593.2774047851562,90.03003692626953
2024-11-28,95652.46875,,,
2024-11-29,97461.5234375,245.58999633789062,596.962890625,90.95927429199219
2024-11-30,96449.0546875,,,
2024-12-01,97279.7890625,,,
2024-12-02,95865.3046875,243.44000244140625,598.0328979492188,91.17784118652344
2024-12-03,96002.1640625,243.92999267578125,598.310302734375,90.39105224609375
2024-12-04,98768.53125,244.6699981689453,602.0254516601562,91.36238098144531
2024-12-05,96593.5703125,242.86000061035156,601.0347900390625,91.54693603515625
2024-12-06,99920.7109375,242.9499969482422,602.1741333007812,91.68291473388672
2024-12-07,99923.3359375,,,
2024-12-08,101236.015625,,,
2024-12-09,97432.71875,245.36000061035156,599.0731811523438,90.83786010742188
2024-12-10,96675.4296875,248.58999633789062,597.2106323242188,90.41048431396484
2024-12-11,101173.03125,250.9600067138672,601.827392578125,89.55571746826172
2024-12-12,100043.0,247.27999877929688,598.7264404296875,88.46784210205078
2024-12-13,101459.2578125,244.2899932861328,598.6075439453125,87.56452178955078
2024-12-14,101372.96875,,,
2024-12-15,104298.6953125,,,
2024-12-16,106029.71875,244.8800048828125,601.16357421875,87.82676696777344
2024-12-17,106140.6015625,243.94000244140625,598.686767578125,88.04046630859375
2024-12-18,100041.5390625,239.25999450683594,580.8438110351562,86.93958282470703
2024-12-19,97490.953125,239.60000610351562,580.6654663085938,85.62319946289062
2024-12-20,97755.9296875,242.10000610351562,587.6398315429688,86.1107406616211
2024-12-21,97224.7265625,,,
2024-12-22,95104.9375,,,
2024-12-23,94686.2421875,240.9600067138672,591.1588134765625,85.3209228515625
2024-12-24,98676.09375,241.44000244140625,597.7295532226562,85.68170166015625
2024-12-25,99299.1953125,,,
2024-12-26,95795.515625,243.07000732421875,597.7693481445312,85.63294219970703
2024-12-27,94164.859375,241.39999389648438,591.4768676757812,84.93087768554688
2024-12-28,95163.9296875,,,
2024-12-29,93530.2265625,,,
2024-12-30,92643.2109375,240.6300048828125,584.7271728515625,85.61344909667969
2024-12-31,93429.203125,242.1300048828125,582.5999145507812,85.15514373779297
2025-01-01,94419.7578125,,,
2025-01-02,96886.875,245.4199981689453,581.1685180664062,85.38917541503906
2025-01-03,98107.4296875,243.49000549316406,588.43505859375,85.11614227294922
2025-01-04,98236.2265625,,,
2025-01-05,98314.9609375,,,
2025-01-06,102078.0859375,243.19000244140625,591.8248291015625,84.7358627319336
2025-01-07,96922.703125,244.55999755859375,585.1348266601562,83.78026580810547
2025-01-08,95043.5234375,245.86000061035156,585.9896240234375,83.88751983642578
2025-01-09,92484.0390625,,,
2025-01-10,94701.453125,248.2100067138672,577.0430297851562,83.33172607421875
2025-01-11,94566.59375,,,
2025-01-12,94488.4375,,,
2025-01-13,94516.5234375,245.74000549316406,577.937744140625,83.30247497558594
2025-01-14,96534.046875,247.02999877929688,578.7330322265625,83.16595458984375
2025-01-15,100504.4921875,248.8800048828125,589.2601928710938,84.59935760498047
2025-01-16,99756.90625,250.60000610351562,588.126953125,84.87238311767578
2025-01-17,104462.0390625,249.27000427246094,594.0316772460938,85.01863861083984
2025-01-18,104408.0703125,,,
2025-01-19,101089.609375,,,
2025-01-20,102016.6640625,,,
2025-01-21,106146.265625,253.1300048828125,599.4691162109375,85.77921295166016
2025-01-22,103653.0703125,254.42999267578125,602.8389892578125,85.33068084716797
2025-01-23,103960.171875,254.07000732421875,606.12939453125,84.66761016845703
2025-01-24,104819.484375,255.64999389648438,604.35986328125,85.04789733886719
2025-01-25,104714.6484375,,,
2025-01-26,102682.5,,,
2025-01-27,102087.6875,252.99000549316406,595.8109741210938,86.05223846435547
2025-01-28,101332.4765625,255.17999267578125,600.930419921875,85.99373626708984
2025-01-29,103703.2109375,254.1999969482422,598.2365112304688,85.8182144165039
2025-01-30,104735.3046875,258.04998779296875,601.447265625,86.1399917602539
2025-01-31,102405.0234375,258.55999755859375,598.2463989257812,85.57444763183594
2025-02-01,100655.90625,,,
2025-02-02,97688.9765625,,,
2025-02-03,101405.421875,259.94000244140625,594.220458984375,86.27119445800781
2025-02-04,97871.8203125,262.5,598.2066650390625,86.535400390625
2025-02-05,96615.4453125,264.1300048828125,600.6321411132812,87.9641342163086
2025-02-06,96593.296875,263.42999267578125,602.7197265625,87.92498779296875
2025-02-07,96529.0859375,263.8999938964844,597.2026977539062,87.35741424560547
2025-02-08,96482.453125,,,
2025-02-09,96500.09375,,,
2025-02-10,97437.5546875,268.3699951171875,601.2584228515625,87.09320068359375
2025-02-11,95747.4296875,267.3900146484375,601.7156982421875,86.535400390625
2025-02-12,97885.859375,267.6700134277344,599.7772827148438,85.36111450195312
2025-02-13,96623.8671875,270.30999755859375,606.1094970703125,86.78004455566406
2025-02-14,97508.96875,266.2900085449219,606.0796508789062,87.23997497558594
2025-02-15,97580.3515625,,,
2025-02-16,96175.03125,,,
2025-02-17,95773.3828125,,,
2025-02-18,95539.546875,270.70001220703125,607.8590087890625,86.21247863769531
2025-02-19,96635.609375,270.8500061035156,609.2904663085938,86.32012176513672
2025-02-20,98333.9375,270.989990234375,606.755615234375,86.64305114746094
2025-02-21,96125.546875,270.739990234375,596.3776245117188,87.69012451171875
2025-02-22,96577.7578125,,,
2025-02-23,96273.921875,,,
2025-02-24,91418.171875,272.2099914550781,593.663818359375,87.9445571899414
2025-02-25,88736.171875,268.6199951171875,590.71142578125,89.46134948730469
2025-02-26,84347.0234375,269.0299987792969,591.0096435546875,89.98977661132812
2025-02-27,84704.2265625,264.92999267578125,581.5759887695312,89.35369873046875
2025-02-28,84373.0078125,263.2699890136719,590.6517944335938,90.44970703125
2025-03-01,86031.9140625,,,
2025-03-02,94248.3515625,,,
2025-03-03,86065.671875,266.739990234375,580.3036499023438,90.871826171875
2025-03-04,87222.1953125,269.05999755859375,573.4346313476562,89.75273132324219
2025-03-05,90623.5625,269.6199951171875,579.5978393554688,89.03612518310547
2025-03-06,89961.7265625,268.25,569.309326171875,88.74163055419922
2025-03-07,86742.671875,268.3900146484375,572.500244140625,88.45696258544922
2025-03-08,86154.59375,,,
2025-03-09,80601.0390625,,,
2025-03-10,78532.0,266.0400085449219,557.2513427734375,89.37971496582031
2025-03-11,82862.2109375,269.1600036621094,552.6189575195312,88.74163055419922
2025-03-12,83722.359375,270.3299865722656,555.5514526367188,88.21153259277344
2025-03-13,81066.703125,275.1300048828125,548.1456909179688,88.98704528808594
2025-03-14,83969.1015625,275.239990234375,559.4680786132812,88.5158462524414
2025-03-15,84343.109375,,,
2025-03-16,82579.6875,,,
2025-03-17,84075.6875,276.7300109863281,563.7823486328125,88.95760345458984
2025-03-18,82718.5,279.9599914550781,557.688720703125,89.04594421386719
2025-03-19,86854.2265625,281.1099853515625,563.762451171875,89.50730895996094
2025-03-20,84167.1953125,280.75,562.1322021484375,89.56621551513672
2025-03-21,84043.2421875,278.489990234375,562.317626953125,89.03612518310547
2025-03-22,83832.484375,,,
2025-03-23,86054.375,,,
2025-03-24,87498.9140625,277.25,572.3878784179688,88.12318420410156
2025-03-25,87471.703125,278.4700012207031,573.7637939453125,88.11337280273438
2025-03-26,86900.8828125,278.239990234375,566.9140625,87.53419494628906
2025-03-27,87177.1015625,281.9700012207031,565.4085083007812,87.27896881103516
2025-03-28,84353.1484375,284.05999755859375,554.0221557617188,88.48638916015625
2025-03-29,82597.5859375,,,
2025-03-30,82334.5234375,,,
2025-03-31,82548.9140625,288.1400146484375,557.7411499023438,89.36006927490234
2025-04-01,85169.171875,287.57000732421875,559.3164672851562,90.13442993164062
2025-04-02,82485.7109375,288.1600036621094,562.8560791015625,90.0753173828125
2025-04-03,83102.828125,286.4200134277344,535.1180419921875,90.48909759521484
2025-04-04,83843.8046875,279.7200012207031,503.7906494140625,91.4742660522461
2025-04-05,83504.796875,,,
2025-04-06,78214.484375,,,
2025-04-07,79235.3359375,273.7099914550781,502.893310546875,88.71576690673828
2025-04-08,76271.953125,275.20001220703125,495.0166015625,87.04093933105469
2025-04-09,82573.953125,285.3800048828125,547.0029296875,87.55325317382812
2025-04-10,79626.140625,292.3500061035156,523.0337524414062,85.13954162597656
2025-04-11,83404.8359375,297.92999267578125,532.3661499023438,85.60258483886719
2025-04-12,85287.109375,,,
2025-04-13,83684.9765625,,,
2025-04-14,84542.390625,296.2300109863281,537.5308837890625,86.2134017944336
2025-04-15,83668.9921875,297.7799987792969,536.0253295898438,86.51880645751953
2025-04-16,84033.8671875,307.4700012207031,524.1105346679688,87.00154876708984
2025-04-17,84895.75,306.1199951171875,524.8583374023438,86.23309326171875
2025-04-18,84450.8046875,,,
2025-04-19,85063.4140625,,,
2025-04-20,85174.3046875,,,
2025-04-21,87518.90625,315.5899963378906,512.3652954101562,84.72576904296875
2025-04-22,93441.890625,311.1099853515625,525.6959228515625,85.19866180419922
2025-04-23,93699.109375,303.6499938964844,533.841796875,86.02620697021484
2025-04-24,93943.796875,308.07000732421875,545.07861328125,86.93257141113281
2025-04-25,94720.5,304.7300109863281,549.0169677734375,87.57295227050781
2025-04-26,94646.9296875,,,
2025-04-27,93754.84375,,,
2025-04-28,94978.75,309.07000732421875,549.226318359375,88.12464904785156
2025-04-29,94284.7890625,306.05999755859375,552.6860961914062,88.86353302001953
2025-04-30,94207.3125,303.7699890136719,552.9054565429688,88.14435577392578
2025-05-01,96492.3359375,297.4599914550781,556.8238525390625,87.69741821289062
2025-05-02,96910.0703125,297.9800109863281,565.0894165039062,86.74816131591797
2025-05-03,95891.796875,,,
2025-05-04,94315.9765625,,,
2025-05-05,94748.0546875,306.8800048828125,561.8489990234375,86.26364135742188
2025-05-06,96802.4765625,315.4800109863281,557.1528930664062,86.55039978027344
2025-05-07,97032.3203125,310.75,559.4959716796875,86.91625213623047
2025-05-08,103241.4609375,304.6300048828125,563.3944702148438,85.94721984863281
2025-05-09,102970.8515625,306.8399963378906,562.6765747070312,86.07576751708984
2025-05-10,104696.328125,,,
2025-05-11,104106.359375,,,
2025-05-12,102812.953125,298.19000244140625,581.2716064453125,85.27483367919922
2025-05-13,104169.8125,299.4599914550781,585.1102905273438,84.92874908447266
2025-05-14,103539.4140625,293.1600036621094,585.8580932617188,84.3651351928711
2025-05-15,103744.640625,297.8399963378906,588.7196044921875,85.10674285888672
2025-05-16,103489.2890625,294.239990234375,592.4485473632812,85.33416748046875
2025-05-17,103191.0859375,,,
2025-05-18,106446.0078125,,,
2025-05-19,105606.1796875,298.0299987792969,593.0966186523438,85.08696746826172
2025-05-20,106791.0859375,303.5799865722656,591.1025390625,84.47389221191406
2025-05-21,109678.078125,305.82000732421875,581.1419677734375,83.03024291992188
2025-05-22,111673.28125,303.1099853515625,581.371337890625,83.46531677246094
2025-05-23,107287.796875,309.75,577.4030151367188,83.60375213623047
2025-05-24,107791.15625,,,
2025-05-25,109035.390625,,,
2025-05-26,109440.3671875,,,
2025-05-27,108994.640625,304.5,589.4075927734375,84.77053833007812
2025-05-28,107802.328125,303.80999755859375,585.9976196289062,84.40467834472656
2025-05-29,105641.7578125,305.6099853515625,588.310791015625,85.18584442138672
2025-05-30,103998.5703125,303.6000061035156,587.6527709960938,85.31439208984375
2025-05-31,104638.09375,,,
2025-06-01,105652.1015625,,,
2025-06-02,105881.53125,311.6700134277344,590.9629516601562,84.52040100097656
2025-06-03,105432.46875,308.9100036621094,594.3330078125,84.37152862548828
2025-06-04,104731.984375,310.8999938964844,594.1734619140625,85.74115753173828
2025-06-05,101575.953125,309.3299865722656,591.3019409179688,85.80070495605469
2025-06-06,104390.34375,305.17999267578125,597.3740234375,84.70896911621094
2025-06-07,105615.625,,,
2025-06-08,105793.6484375,,,
2025-06-09,110294.1015625,306.6199951171875,597.9124145507812,84.79829406738281
2025-06-10,110257.234375,306.7099914550781,601.3023681640625,85.23497772216797
2025-06-11,108686.625,308.3699951171875,599.5874633789062,85.49303436279297
2025-06-12,105929.0546875,312.20001220703125,601.9703979492188,86.51529693603516
2025-06-13,106090.96875,316.2900085449219,595.2402954101562,85.68161010742188
2025-06-14,105472.40625,,,
2025-06-15,105552.0234375,,,
2025-06-16,106796.7578125,311.7799987792969,600.903564453125,84.8181381225586
2025-06-17,104601.1171875,311.94000244140625,595.768798828125,85.85032653808594
2025-06-18,104883.328125,310.260009765625,595.6790161132812,85.99920654296875
2025-06-19,104684.2890625,,,
2025-06-20,103309.6015625,310.1300048828125,594.280029296875,85.84040069580078
2025-06-21,102257.40625,,,
2025-06-22,100987.140625,,,
2025-06-23,105577.7734375,311.0799865722656,600.1500244140625,86.11829376220703
2025-06-24,106045.6328125,306.19000244140625,606.780029296875,86.74357604980469
2025-06-25,107361.2578125,307.1199951171875,607.1199951171875,86.85274505615234
2025-06-26,106960.0,306.7799987792969,611.8699951171875,87.28943634033203
2025-06-27,107088.4296875,301.2200012207031,614.9099731445312,86.73365020751953
2025-06-28,107327.703125,,,
2025-06-29,108385.5703125,,,
2025-06-30,107135.3359375,304.8299865722656,617.8499755859375,87.58718872070312
2025-07-01,105698.28125,307.54998779296875,617.6500244140625,87.80435180664062
2025-07-02,108859.3203125,309.25,620.4500122070312,87.24649047851562
2025-07-03,109647.9765625,307.1400146484375,625.3400268554688,86.63880920410156
2025-07-04,108034.3359375,,,
2025-07-05,108231.1796875,,,
2025-07-06,109232.0703125,,,
2025-07-07,108299.8515625,307.3699951171875,620.6799926757812,85.81197357177734
2025-07-08,108950.2734375,304.1600036621094,620.3400268554688,85.702392578125
2025-07-09,111326.5546875,305.5199890136719,624.0599975585938,86.59896087646484
2025-07-10,115987.203125,306.20001220703125,625.8200073242188,86.65872955322266
2025-07-11,117516.9921875,309.1400146484375,623.6199951171875,85.46330261230469
2025-07-12,117435.2265625,,,
2025-07-13,119116.1171875,,,
2025-07-14,119849.703125,308.010009765625,624.8099975585938,85.28398895263672
2025-07-15,117777.1875,306.7300109863281,622.1400146484375,84.686279296875
2025-07-16,118738.5078125,308.260009765625,624.219970703125,84.80581665039062
2025-07-17,119289.84375,307.5899963378906,628.0399780273438,84.78589630126953
2025-07-18,118003.2265625,308.3900146484375,627.5800170898438,84.91539764404297
2025-07-19,117939.9765625,,,
2025-07-20,117300.7890625,,,
2025-07-21,117439.5390625,313.1300048828125,628.77001953125,85.6725082397461
2025-07-22,119995.4140625,316.1000061035156,628.8599853515625,86.19052124023438
2025-07-23,118754.9609375,312.17999267578125,634.2100219726562,85.71235656738281
2025-07-24,118368.0,310.2699890136719,634.4199829101562,85.56291961669922
2025-07-25,117635.8828125,307.3999938964844,637.0999755859375,86.10086822509766
2025-07-26,117947.3671875,,,
2025-07-27,119448.4921875,,,
2025-07-28,117924.4765625,305.4100036621094,636.9400024414062,85.54299926757812
2025-07-29,117922.1484375,306.25,635.260009765625,86.98748016357422
2025-07-30,117831.1875,300.9599914550781,634.4600219726562,86.53919219970703
2025-07-31,115758.203125,302.9599914550781,632.0800170898438,86.58899688720703
2025-08-01,113320.0859375,309.1099853515625,621.719970703125,87.81999969482422
2025-08-02,112526.9140625,,,
2025-08-03,114217.671875,,,
2025-08-04,115071.8828125,310.9100036621094,631.1699829101562,88.05999755859375
2025-08-05,114141.4453125,311.1600036621094,627.969970703125,88.33000183105469
2025-08-06,115028.0,310.5,632.780029296875,87.81999969482422
2025-08-07,117496.8984375,313.1199951171875,632.25,87.66999816894531
2025-08-08,116688.7265625,313.04998779296875,637.1799926757812,87.29000091552734
2025-08-09,116500.359375,,,
2025-08-10,119306.7578125,,,
2025-08-11,118731.4453125,308.54998779296875,635.9199829101562,87.38999938964844
2025-08-12,120172.90625,308.2699890136719,642.6900024414062,86.94999694824219
2025-08-13,123344.0625,309.2099914550781,644.8900146484375,87.66999816894531
2025-08-14,118359.578125,307.25,644.9500122070312,87.0199966430664
2025-08-15,117398.3515625,307.42999267578125,643.4400024414062,86.4000015258789
2025-08-16,117491.3515625,,,
2025-08-17,117453.0625,,,
2025-08-18,116252.3125,306.95001220703125,643.2999877929688,86.1500015258789
2025-08-19,112831.1796875,305.2699890136719,639.8099975585938,86.6500015258789
2025-08-20,114274.7421875,308.3599853515625,638.1099853515625,86.83999633789062
2025-08-21,112419.03125,307.2900085449219,635.5499877929688,86.41000366210938
2025-08-22,116874.0859375,310.5799865722656,645.3099975585938,87.05000305175781
2025-08-23,115374.328125,,,
2025-08-24,113458.4296875,,,
2025-08-25,110124.3515625,309.8299865722656,642.469970703125,86.80000305175781
2025-08-26,111802.65625,312.0799865722656,645.1599731445312,86.75
2025-08-27,111222.0625,312.7099914550781,646.6300048828125,86.6500015258789
2025-08-28,112544.8046875,315.0299987792969,648.9199829101562,87.22000122070312
2025-08-29,108410.8359375,318.07000732421875,645.0499877929688,86.5999984741211
2025-08-30,108808.0703125,,,
2025-08-31,108236.7109375,,,
2025-09-01,109250.59375,,,
2025-09-02,110890.5859375,324.68499755859375,,85.50499725341797
